metrics,intra_1_icc,intra_1_ub,intra_1_lb,intra_2_icc,intra_2_ub,intra_2_lb,inter_icc,inter_ub,inter_lb
lower_face,0.7756984901027678,0.9382060706963314,0.3545187067669883,0.8605200691106308,0.9630852635655884,0.5506697548706818,0.3255009544250399,0.7685313751904376,-0.04680033900804636
max_st,0.711285431351428,0.920503326676047,0.16636305200585907,0.8639970016395832,0.963816656782083,0.568943405618352,0.5661802835746104,0.8879242090661658,-0.10635774722661005
mand_st,0.6273029360409553,0.8921460372965995,0.045462201684131016,0.49413497430936776,0.8466662112783414,-0.17888709697373778,0.33112782243704675,0.7507313040801192,-0.14131307209197944
l_lip,0.2495885831428663,0.7230428154868227,-0.3031388170853571,0.5448085733563638,0.8585705449729694,-0.013127595613237484,0.13124744936417287,0.6893173596452098,-0.568486552232432
u_lip,0.8433293807811423,0.9583866208713763,0.5005009340588988,0.9551975663191398,0.9886148266209235,0.8347329475797083,0.28073720909939,0.7254173973159043,-0.06960197755837667
